[{"model": "admin.logentry", "pk": 1, "fields": {"action_time": "2020-10-13T22:11:10.314Z", "user": 1, "content_type": 7, "object_id": "1", "object_repr": "trainer_nats_steele.com", "action_flag": 2, "change_message": "[{\"changed\": {\"fields\": [\"Domain name\", \"Display name\"]}}]"}}, {"model": "admin.logentry", "pk": 2, "fields": {"action_time": "2020-12-29T01:35:35.427Z", "user": 1, "content_type": 14, "object_id": "5", "object_repr": "friday", "action_flag": 2, "change_message": "[{\"changed\": {\"fields\": [\"Name\"]}}]"}}, {"model": "admin.logentry", "pk": 3, "fields": {"action_time": "2020-12-29T02:21:32.599Z", "user": 1, "content_type": 14, "object_id": "1", "object_repr": "monday", "action_flag": 2, "change_message": "[{\"changed\": {\"fields\": [\"Class time\"]}}]"}}, {"model": "admin.logentry", "pk": 4, "fields": {"action_time": "2020-12-29T02:40:28.688Z", "user": 1, "content_type": 13, "object_id": "1", "object_repr": "CARDIO- STRENGTH- CORE", "action_flag": 1, "change_message": "[{\"added\": {}}]"}}, {"model": "admin.logentry", "pk": 5, "fields": {"action_time": "2020-12-29T02:41:10.507Z", "user": 1, "content_type": 13, "object_id": "2", "object_repr": "CARDIO VS STRENGTH", "action_flag": 1, "change_message": "[{\"added\": {}}]"}}, {"model": "admin.logentry", "pk": 6, "fields": {"action_time": "2020-12-29T02:41:53.597Z", "user": 1, "content_type": 13, "object_id": "3", "object_repr": "BOOTCAMP", "action_flag": 1, "change_message": "[{\"added\": {}}]"}}, {"model": "admin.logentry", "pk": 7, "fields": {"action_time": "2020-12-29T02:42:34.173Z", "user": 1, "content_type": 13, "object_id": "4", "object_repr": "STRENGTH & STRETCH", "action_flag": 1, "change_message": "[{\"added\": {}}]"}}, {"model": "admin.logentry", "pk": 8, "fields": {"action_time": "2020-12-29T02:43:12.195Z", "user": 1, "content_type": 13, "object_id": "5", "object_repr": "TABATA/HIIT", "action_flag": 1, "change_message": "[{\"added\": {}}]"}}, {"model": "admin.logentry", "pk": 9, "fields": {"action_time": "2020-12-29T02:45:11.192Z", "user": 1, "content_type": 14, "object_id": "2", "object_repr": "tuesday", "action_flag": 2, "change_message": "[{\"changed\": {\"fields\": [\"Class time\"]}}]"}}, {"model": "admin.logentry", "pk": 10, "fields": {"action_time": "2020-12-29T02:45:32.752Z", "user": 1, "content_type": 14, "object_id": "3", "object_repr": "wednesday", "action_flag": 2, "change_message": "[{\"changed\": {\"fields\": [\"Class time\"]}}]"}}, {"model": "admin.logentry", "pk": 11, "fields": {"action_time": "2020-12-29T02:45:55.116Z", "user": 1, "content_type": 14, "object_id": "4", "object_repr": "thursday", "action_flag": 2, "change_message": "[{\"changed\": {\"fields\": [\"Class time\"]}}]"}}, {"model": "admin.logentry", "pk": 12, "fields": {"action_time": "2020-12-29T02:46:18.059Z", "user": 1, "content_type": 14, "object_id": "5", "object_repr": "friday", "action_flag": 2, "change_message": "[{\"changed\": {\"fields\": [\"Class time\"]}}]"}}, {"model": "admin.logentry", "pk": 13, "fields": {"action_time": "2020-12-31T01:43:16.149Z", "user": 1, "content_type": 15, "object_id": "1", "object_repr": "Group", "action_flag": 1, "change_message": "[{\"added\": {}}]"}}, {"model": "admin.logentry", "pk": 14, "fields": {"action_time": "2020-12-31T01:43:27.823Z", "user": 1, "content_type": 15, "object_id": "2", "object_repr": "1-2-1", "action_flag": 1, "change_message": "[{\"added\": {}}]"}}, {"model": "admin.logentry", "pk": 15, "fields": {"action_time": "2020-12-31T01:46:29.405Z", "user": 1, "content_type": 13, "object_id": "5", "object_repr": "TABATA/HIIT", "action_flag": 2, "change_message": "[{\"changed\": {\"fields\": [\"Class type\"]}}]"}}, {"model": "admin.logentry", "pk": 16, "fields": {"action_time": "2020-12-31T01:46:36.970Z", "user": 1, "content_type": 13, "object_id": "4", "object_repr": "STRENGTH & STRETCH", "action_flag": 2, "change_message": "[{\"changed\": {\"fields\": [\"Class type\"]}}]"}}, {"model": "admin.logentry", "pk": 17, "fields": {"action_time": "2020-12-31T01:46:43.874Z", "user": 1, "content_type": 13, "object_id": "3", "object_repr": "BOOTCAMP", "action_flag": 2, "change_message": "[{\"changed\": {\"fields\": [\"Class type\"]}}]"}}, {"model": "admin.logentry", "pk": 18, "fields": {"action_time": "2020-12-31T01:46:50.547Z", "user": 1, "content_type": 13, "object_id": "2", "object_repr": "CARDIO VS STRENGTH", "action_flag": 2, "change_message": "[{\"changed\": {\"fields\": [\"Class type\"]}}]"}}, {"model": "admin.logentry", "pk": 19, "fields": {"action_time": "2020-12-31T01:46:59.234Z", "user": 1, "content_type": 13, "object_id": "1", "object_repr": "CARDIO- STRENGTH- CORE", "action_flag": 2, "change_message": "[{\"changed\": {\"fields\": [\"Class type\"]}}]"}}, {"model": "admin.logentry", "pk": 20, "fields": {"action_time": "2020-12-31T03:10:22.769Z", "user": 1, "content_type": 13, "object_id": "1", "object_repr": "CARDIO- STRENGTH- CORE", "action_flag": 2, "change_message": "[{\"changed\": {\"fields\": [\"Image\"]}}]"}}, {"model": "admin.logentry", "pk": 21, "fields": {"action_time": "2020-12-31T10:55:06.069Z", "user": 1, "content_type": 13, "object_id": "1", "object_repr": "CARDIO- STRENGTH- CORE", "action_flag": 2, "change_message": "[{\"changed\": {\"fields\": [\"Class more detail\"]}}]"}}, {"model": "admin.logentry", "pk": 22, "fields": {"action_time": "2020-12-31T11:18:16.427Z", "user": 1, "content_type": 13, "object_id": "5", "object_repr": "TABATA/HIIT", "action_flag": 2, "change_message": "[{\"changed\": {\"fields\": [\"Image\"]}}]"}}, {"model": "admin.logentry", "pk": 23, "fields": {"action_time": "2020-12-31T11:18:56.756Z", "user": 1, "content_type": 13, "object_id": "4", "object_repr": "STRENGTH & STRETCH", "action_flag": 2, "change_message": "[{\"changed\": {\"fields\": [\"Image\"]}}]"}}, {"model": "admin.logentry", "pk": 24, "fields": {"action_time": "2020-12-31T11:19:16.419Z", "user": 1, "content_type": 13, "object_id": "3", "object_repr": "BOOTCAMP", "action_flag": 2, "change_message": "[{\"changed\": {\"fields\": [\"Image\"]}}]"}}, {"model": "admin.logentry", "pk": 25, "fields": {"action_time": "2020-12-31T11:20:25.465Z", "user": 1, "content_type": 13, "object_id": "2", "object_repr": "CARDIO VS STRENGTH", "action_flag": 2, "change_message": "[{\"changed\": {\"fields\": [\"Image\"]}}]"}}, {"model": "admin.logentry", "pk": 26, "fields": {"action_time": "2021-01-12T22:24:26.079Z", "user": 4, "content_type": 8, "object_id": "2", "object_repr": "mpooner@hotmail.co.uk", "action_flag": 2, "change_message": "[{\"changed\": {\"fields\": [\"Verified\"]}}]"}}, {"model": "admin.logentry", "pk": 27, "fields": {"action_time": "2021-01-12T22:24:54.183Z", "user": 4, "content_type": 4, "object_id": "1", "object_repr": "matthewpoyner", "action_flag": 2, "change_message": "[{\"changed\": {\"fields\": [\"Email address\"]}}]"}}, {"model": "admin.logentry", "pk": 28, "fields": {"action_time": "2021-01-12T22:25:08.285Z", "user": 4, "content_type": 4, "object_id": "3", "object_repr": "mattypoyner", "action_flag": 2, "change_message": "[{\"changed\": {\"fields\": [\"Email address\"]}}]"}}, {"model": "admin.logentry", "pk": 29, "fields": {"action_time": "2021-01-12T22:40:00.368Z", "user": 4, "content_type": 8, "object_id": "1", "object_repr": "matthew.poyner794@gmail.com", "action_flag": 2, "change_message": "[{\"changed\": {\"fields\": [\"E-mail address\"]}}]"}}, {"model": "admin.logentry", "pk": 30, "fields": {"action_time": "2021-01-12T22:40:36.855Z", "user": 4, "content_type": 8, "object_id": "3", "object_repr": "matthew.poyner79@gmail.com", "action_flag": 1, "change_message": "[{\"added\": {}}]"}}, {"model": "auth.permission", "pk": 1, "fields": {"name": "Can add log entry", "content_type": 1, "codename": "add_logentry"}}, {"model": "auth.permission", "pk": 2, "fields": {"name": "Can change log entry", "content_type": 1, "codename": "change_logentry"}}, {"model": "auth.permission", "pk": 3, "fields": {"name": "Can delete log entry", "content_type": 1, "codename": "delete_logentry"}}, {"model": "auth.permission", "pk": 4, "fields": {"name": "Can view log entry", "content_type": 1, "codename": "view_logentry"}}, {"model": "auth.permission", "pk": 5, "fields": {"name": "Can add permission", "content_type": 2, "codename": "add_permission"}}, {"model": "auth.permission", "pk": 6, "fields": {"name": "Can change permission", "content_type": 2, "codename": "change_permission"}}, {"model": "auth.permission", "pk": 7, "fields": {"name": "Can delete permission", "content_type": 2, "codename": "delete_permission"}}, {"model": "auth.permission", "pk": 8, "fields": {"name": "Can view permission", "content_type": 2, "codename": "view_permission"}}, {"model": "auth.permission", "pk": 9, "fields": {"name": "Can add group", "content_type": 3, "codename": "add_group"}}, {"model": "auth.permission", "pk": 10, "fields": {"name": "Can change group", "content_type": 3, "codename": "change_group"}}, {"model": "auth.permission", "pk": 11, "fields": {"name": "Can delete group", "content_type": 3, "codename": "delete_group"}}, {"model": "auth.permission", "pk": 12, "fields": {"name": "Can view group", "content_type": 3, "codename": "view_group"}}, {"model": "auth.permission", "pk": 13, "fields": {"name": "Can add user", "content_type": 4, "codename": "add_user"}}, {"model": "auth.permission", "pk": 14, "fields": {"name": "Can change user", "content_type": 4, "codename": "change_user"}}, {"model": "auth.permission", "pk": 15, "fields": {"name": "Can delete user", "content_type": 4, "codename": "delete_user"}}, {"model": "auth.permission", "pk": 16, "fields": {"name": "Can view user", "content_type": 4, "codename": "view_user"}}, {"model": "auth.permission", "pk": 17, "fields": {"name": "Can add content type", "content_type": 5, "codename": "add_contenttype"}}, {"model": "auth.permission", "pk": 18, "fields": {"name": "Can change content type", "content_type": 5, "codename": "change_contenttype"}}, {"model": "auth.permission", "pk": 19, "fields": {"name": "Can delete content type", "content_type": 5, "codename": "delete_contenttype"}}, {"model": "auth.permission", "pk": 20, "fields": {"name": "Can view content type", "content_type": 5, "codename": "view_contenttype"}}, {"model": "auth.permission", "pk": 21, "fields": {"name": "Can add session", "content_type": 6, "codename": "add_session"}}, {"model": "auth.permission", "pk": 22, "fields": {"name": "Can change session", "content_type": 6, "codename": "change_session"}}, {"model": "auth.permission", "pk": 23, "fields": {"name": "Can delete session", "content_type": 6, "codename": "delete_session"}}, {"model": "auth.permission", "pk": 24, "fields": {"name": "Can view session", "content_type": 6, "codename": "view_session"}}, {"model": "auth.permission", "pk": 25, "fields": {"name": "Can add site", "content_type": 7, "codename": "add_site"}}, {"model": "auth.permission", "pk": 26, "fields": {"name": "Can change site", "content_type": 7, "codename": "change_site"}}, {"model": "auth.permission", "pk": 27, "fields": {"name": "Can delete site", "content_type": 7, "codename": "delete_site"}}, {"model": "auth.permission", "pk": 28, "fields": {"name": "Can view site", "content_type": 7, "codename": "view_site"}}, {"model": "auth.permission", "pk": 29, "fields": {"name": "Can add email address", "content_type": 8, "codename": "add_emailaddress"}}, {"model": "auth.permission", "pk": 30, "fields": {"name": "Can change email address", "content_type": 8, "codename": "change_emailaddress"}}, {"model": "auth.permission", "pk": 31, "fields": {"name": "Can delete email address", "content_type": 8, "codename": "delete_emailaddress"}}, {"model": "auth.permission", "pk": 32, "fields": {"name": "Can view email address", "content_type": 8, "codename": "view_emailaddress"}}, {"model": "auth.permission", "pk": 33, "fields": {"name": "Can add email confirmation", "content_type": 9, "codename": "add_emailconfirmation"}}, {"model": "auth.permission", "pk": 34, "fields": {"name": "Can change email confirmation", "content_type": 9, "codename": "change_emailconfirmation"}}, {"model": "auth.permission", "pk": 35, "fields": {"name": "Can delete email confirmation", "content_type": 9, "codename": "delete_emailconfirmation"}}, {"model": "auth.permission", "pk": 36, "fields": {"name": "Can view email confirmation", "content_type": 9, "codename": "view_emailconfirmation"}}, {"model": "auth.permission", "pk": 37, "fields": {"name": "Can add social account", "content_type": 10, "codename": "add_socialaccount"}}, {"model": "auth.permission", "pk": 38, "fields": {"name": "Can change social account", "content_type": 10, "codename": "change_socialaccount"}}, {"model": "auth.permission", "pk": 39, "fields": {"name": "Can delete social account", "content_type": 10, "codename": "delete_socialaccount"}}, {"model": "auth.permission", "pk": 40, "fields": {"name": "Can view social account", "content_type": 10, "codename": "view_socialaccount"}}, {"model": "auth.permission", "pk": 41, "fields": {"name": "Can add social application", "content_type": 11, "codename": "add_socialapp"}}, {"model": "auth.permission", "pk": 42, "fields": {"name": "Can change social application", "content_type": 11, "codename": "change_socialapp"}}, {"model": "auth.permission", "pk": 43, "fields": {"name": "Can delete social application", "content_type": 11, "codename": "delete_socialapp"}}, {"model": "auth.permission", "pk": 44, "fields": {"name": "Can view social application", "content_type": 11, "codename": "view_socialapp"}}, {"model": "auth.permission", "pk": 45, "fields": {"name": "Can add social application token", "content_type": 12, "codename": "add_socialtoken"}}, {"model": "auth.permission", "pk": 46, "fields": {"name": "Can change social application token", "content_type": 12, "codename": "change_socialtoken"}}, {"model": "auth.permission", "pk": 47, "fields": {"name": "Can delete social application token", "content_type": 12, "codename": "delete_socialtoken"}}, {"model": "auth.permission", "pk": 48, "fields": {"name": "Can view social application token", "content_type": 12, "codename": "view_socialtoken"}}, {"model": "auth.permission", "pk": 49, "fields": {"name": "Can add tn s_ class", "content_type": 13, "codename": "add_tns_class"}}, {"model": "auth.permission", "pk": 50, "fields": {"name": "Can change tn s_ class", "content_type": 13, "codename": "change_tns_class"}}, {"model": "auth.permission", "pk": 51, "fields": {"name": "Can delete tn s_ class", "content_type": 13, "codename": "delete_tns_class"}}, {"model": "auth.permission", "pk": 52, "fields": {"name": "Can view tn s_ class", "content_type": 13, "codename": "view_tns_class"}}, {"model": "auth.permission", "pk": 53, "fields": {"name": "Can add day", "content_type": 14, "codename": "add_day"}}, {"model": "auth.permission", "pk": 54, "fields": {"name": "Can change day", "content_type": 14, "codename": "change_day"}}, {"model": "auth.permission", "pk": 55, "fields": {"name": "Can delete day", "content_type": 14, "codename": "delete_day"}}, {"model": "auth.permission", "pk": 56, "fields": {"name": "Can view day", "content_type": 14, "codename": "view_day"}}, {"model": "auth.permission", "pk": 57, "fields": {"name": "Can add class_ type", "content_type": 15, "codename": "add_class_type"}}, {"model": "auth.permission", "pk": 58, "fields": {"name": "Can change class_ type", "content_type": 15, "codename": "change_class_type"}}, {"model": "auth.permission", "pk": 59, "fields": {"name": "Can delete class_ type", "content_type": 15, "codename": "delete_class_type"}}, {"model": "auth.permission", "pk": 60, "fields": {"name": "Can view class_ type", "content_type": 15, "codename": "view_class_type"}}, {"model": "auth.permission", "pk": 61, "fields": {"name": "Can add further_ desc", "content_type": 16, "codename": "add_further_desc"}}, {"model": "auth.permission", "pk": 62, "fields": {"name": "Can change further_ desc", "content_type": 16, "codename": "change_further_desc"}}, {"model": "auth.permission", "pk": 63, "fields": {"name": "Can delete further_ desc", "content_type": 16, "codename": "delete_further_desc"}}, {"model": "auth.permission", "pk": 64, "fields": {"name": "Can view further_ desc", "content_type": 16, "codename": "view_further_desc"}}, {"model": "auth.permission", "pk": 65, "fields": {"name": "Can add order", "content_type": 17, "codename": "add_order"}}, {"model": "auth.permission", "pk": 66, "fields": {"name": "Can change order", "content_type": 17, "codename": "change_order"}}, {"model": "auth.permission", "pk": 67, "fields": {"name": "Can delete order", "content_type": 17, "codename": "delete_order"}}, {"model": "auth.permission", "pk": 68, "fields": {"name": "Can view order", "content_type": 17, "codename": "view_order"}}, {"model": "auth.permission", "pk": 69, "fields": {"name": "Can add order line item", "content_type": 18, "codename": "add_orderlineitem"}}, {"model": "auth.permission", "pk": 70, "fields": {"name": "Can change order line item", "content_type": 18, "codename": "change_orderlineitem"}}, {"model": "auth.permission", "pk": 71, "fields": {"name": "Can delete order line item", "content_type": 18, "codename": "delete_orderlineitem"}}, {"model": "auth.permission", "pk": 72, "fields": {"name": "Can view order line item", "content_type": 18, "codename": "view_orderlineitem"}}, {"model": "auth.permission", "pk": 73, "fields": {"name": "Can add user membership", "content_type": 19, "codename": "add_usermembership"}}, {"model": "auth.permission", "pk": 74, "fields": {"name": "Can change user membership", "content_type": 19, "codename": "change_usermembership"}}, {"model": "auth.permission", "pk": 75, "fields": {"name": "Can delete user membership", "content_type": 19, "codename": "delete_usermembership"}}, {"model": "auth.permission", "pk": 76, "fields": {"name": "Can view user membership", "content_type": 19, "codename": "view_usermembership"}}, {"model": "auth.permission", "pk": 77, "fields": {"name": "Can add class_ time", "content_type": 20, "codename": "add_class_time"}}, {"model": "auth.permission", "pk": 78, "fields": {"name": "Can change class_ time", "content_type": 20, "codename": "change_class_time"}}, {"model": "auth.permission", "pk": 79, "fields": {"name": "Can delete class_ time", "content_type": 20, "codename": "delete_class_time"}}, {"model": "auth.permission", "pk": 80, "fields": {"name": "Can view class_ time", "content_type": 20, "codename": "view_class_time"}}, {"model": "auth.user", "pk": 1, "fields": {"password": "pbkdf2_sha256$216000$j2r7l5RJKLq5$hqz0SgbqHn+rjAjM8hG41fqryFci5WBN2txnKulLL7E=", "last_login": "2021-01-12T20:46:12Z", "is_superuser": true, "username": "matthewpoyner", "first_name": "", "last_name": "", "email": "matthew.poyner792@gmail.com", "is_staff": true, "is_active": true, "date_joined": "2020-10-07T02:45:37Z", "groups": [], "user_permissions": []}}, {"model": "auth.user", "pk": 2, "fields": {"password": "pbkdf2_sha256$216000$rPxmJJsoxhMo$nlDsflehykM6J3OKr8SVJGA8/361hzv8mHHaeoHvCmw=", "last_login": null, "is_superuser": false, "username": "Test123", "first_name": "", "last_name": "", "email": "mpooner@hotmail.co.uk", "is_staff": false, "is_active": true, "date_joined": "2020-12-09T02:21:41.877Z", "groups": [], "user_permissions": []}}, {"model": "auth.user", "pk": 3, "fields": {"password": "pbkdf2_sha256$216000$MFoFlagdvAut$Lnb+GgASGK0GPjZSXfXFgbzqd0qbRBFqWMPcIiTkEIY=", "last_login": null, "is_superuser": true, "username": "mattypoyner", "first_name": "", "last_name": "", "email": "matthew.poyner793@gmail.com", "is_staff": true, "is_active": true, "date_joined": "2021-01-11T07:17:03Z", "groups": [], "user_permissions": []}}, {"model": "auth.user", "pk": 4, "fields": {"password": "pbkdf2_sha256$216000$EfOJ3Swgc8us$SpdURveg3hymHwclFJCXH/GtrMmfIgS91OtiHTafR/g=", "last_login": "2021-01-18T06:16:20.957Z", "is_superuser": true, "username": "mattypoyner2", "first_name": "", "last_name": "", "email": "matthew.poyner79@gmail.com", "is_staff": true, "is_active": true, "date_joined": "2021-01-12T20:49:06.908Z", "groups": [], "user_permissions": []}}, {"model": "auth.user", "pk": 5, "fields": {"password": "pbkdf2_sha256$216000$6HEZ378pep9N$ae4PfvAynscDWDOwD9RDNTanykzRxQnFCDG39ktFLC8=", "last_login": null, "is_superuser": false, "username": "Lizzie", "first_name": "", "last_name": "", "email": "lizpoyner51@outlook.com", "is_staff": false, "is_active": true, "date_joined": "2021-01-14T08:58:48.255Z", "groups": [], "user_permissions": []}}, {"model": "contenttypes.contenttype", "pk": 1, "fields": {"app_label": "admin", "model": "logentry"}}, {"model": "contenttypes.contenttype", "pk": 2, "fields": {"app_label": "auth", "model": "permission"}}, {"model": "contenttypes.contenttype", "pk": 3, "fields": {"app_label": "auth", "model": "group"}}, {"model": "contenttypes.contenttype", "pk": 4, "fields": {"app_label": "auth", "model": "user"}}, {"model": "contenttypes.contenttype", "pk": 5, "fields": {"app_label": "contenttypes", "model": "contenttype"}}, {"model": "contenttypes.contenttype", "pk": 6, "fields": {"app_label": "sessions", "model": "session"}}, {"model": "contenttypes.contenttype", "pk": 7, "fields": {"app_label": "sites", "model": "site"}}, {"model": "contenttypes.contenttype", "pk": 8, "fields": {"app_label": "account", "model": "emailaddress"}}, {"model": "contenttypes.contenttype", "pk": 9, "fields": {"app_label": "account", "model": "emailconfirmation"}}, {"model": "contenttypes.contenttype", "pk": 10, "fields": {"app_label": "socialaccount", "model": "socialaccount"}}, {"model": "contenttypes.contenttype", "pk": 11, "fields": {"app_label": "socialaccount", "model": "socialapp"}}, {"model": "contenttypes.contenttype", "pk": 12, "fields": {"app_label": "socialaccount", "model": "socialtoken"}}, {"model": "contenttypes.contenttype", "pk": 13, "fields": {"app_label": "tnsclasses", "model": "tns_class"}}, {"model": "contenttypes.contenttype", "pk": 14, "fields": {"app_label": "tnsclasses", "model": "day"}}, {"model": "contenttypes.contenttype", "pk": 15, "fields": {"app_label": "tnsclasses", "model": "class_type"}}, {"model": "contenttypes.contenttype", "pk": 16, "fields": {"app_label": "tnsclasses", "model": "further_desc"}}, {"model": "contenttypes.contenttype", "pk": 17, "fields": {"app_label": "checkout", "model": "order"}}, {"model": "contenttypes.contenttype", "pk": 18, "fields": {"app_label": "checkout", "model": "orderlineitem"}}, {"model": "contenttypes.contenttype", "pk": 19, "fields": {"app_label": "memberships", "model": "usermembership"}}, {"model": "contenttypes.contenttype", "pk": 20, "fields": {"app_label": "tnsclasses", "model": "class_time"}}, {"model": "sessions.session", "pk": "0493saqmgyhydi2yciwf5lg3itnxi2wv", "fields": {"session_data": ".eJxVjMsOwiAQRf-FtSG8hKlL934DAWZqUQOmtInG-O9K0oVuzzn3vpgP6zL5tdHsM7IDk2z3y2JIVypd4CWUc-WplmXOkfeEb7bxU0W6Hbf272AKbfquBcj9EKzRhuxIhBbBOTOiMsZKJQE0OOGAbOxoSEoDphGsFBEdKd1PG7WWa_H0uOf5yQ7i_QFVhj48:1kqYBx:p6FktVvEW0ahxyMe_6fNIyVfyXxb0j4r3r7QZwVBPnA", "expire_date": "2021-01-02T09:06:21.732Z"}}, {"model": "sessions.session", "pk": "1hiel3qohocjllgsrxkmjc53hzvlesfw", "fields": {"session_data": ".eJxVjMsOwiAQRf-FtSG8hGmX7v0GAszUogaa0iYa479rk266Pefc-2G-UWu5Fk-vKc9v1osT82FdRr82mn1G1jPJDiyG9KCyCbyHcqs81bLMOfIt4btt_FqRnpe9PRyMoY3_tQB57oI12pAdiNAiOGcGVMZYqSSABicckI0b6pLSgGkAK0VER0qz7w_oID48:1kSUSB:cwcLJAlXfiWPB7K0h_7b_auq039ly3sb8DRXQ-rKgMc", "expire_date": "2020-10-28T00:15:39.203Z"}}, {"model": "sessions.session", "pk": "880t3qd7qamdtyi08hwtpdfddvk0i2of", "fields": {"session_data": "e30:1kzS0M:OPYvYD3b452100KvcnG58pMgh8WBBGt4tYeyTxImXyE", "expire_date": "2021-01-26T22:19:10.465Z"}}, {"model": "sessions.session", "pk": "am886d2iizel17cn9pwp39pc3oiikkee", "fields": {"session_data": ".eJxVjEEOwiAUBe_CumkKRaBduvcMhPI_Fq1goDUa490tpjHpdua9eRNjbVzCrB-YvPMIGm_GT6QPyzRVf7tkTKQnjFREm2Uef0B7WBnds8HYK4Yi4GLCOdY2hjn5oS6TerO5PkXA6bhtd4HR5HF9N4oeOiN4y1E4RBCgpOQOGOeCMqpUq2QjFYqhoM6yVoF1StBmAImsLdGMOfsYND7vPr1I33y-SG5PzQ:1kodME:kJ0saBcc5XfteEsPu_iqEUjehjuy7SqDElxbaDyagFA", "expire_date": "2020-12-28T02:13:02.063Z"}}, {"model": "sessions.session", "pk": "mz1s6a8ca2c46no7ua81eewycl6f8v01", "fields": {"session_data": ".eJxVjU0OgyAQhe_C2hhEUHBXL0JGmImkBhuBpk3Tu1cbF-3y_X3vxSyUPNuScLPBs4FJVv16E7grxiOAZTnsGpxbS8z1t3PGqb7sCmMODnJY43iu_lAzpHnnEJeCmn4yBkWvOq8NKQ4TtkYop1FLA5560gAcdSdbkJwUicZLDo1vuwOaMKX9xuLjFrYnG3jFEtzRhkgrG_JW8P0BbR1JuA:1l0FT5:_YjREyVOSAKC3bn-NrjCP7KPq_m_GAhUGurdd4UdymU", "expire_date": "2021-01-29T03:08:07.140Z"}}, {"model": "sessions.session", "pk": "oiu8nqq98jvokwqysnantfubl9ccqtjb", "fields": {"session_data": ".eJyrVipOTEuNz8xLy1eySkvMKU7VAYqUoYjUAgD_nQ2b:1kzQWD:TxJQ9iUQ1-LdY7JZx7EzS6wUc35GS3zNGSrYzpnltv8", "expire_date": "2021-01-26T20:43:57.153Z"}}, {"model": "sessions.session", "pk": "pub80v39g7us31qc15vsj2de97m793tw", "fields": {"session_data": ".eJxVjEEOwiAQRe_C2hBKoYUu3XsGMnRmLGrAlDbRGO-uTbrQ7X_vv5cIsC5TWCvNIaEYhBGH3y3CeKW8AbxAPhc5lrzMKcpNkTut8lSQbsfd_QtMUKfvm5XR3PTRe9K97dB5tgoitV7b0ZEzHpB7dgCKXGdaMIot6waNggbbbotWqjWVHOhxT_NTDOr9AYyDPyA:1kzTaN:WrNXYF4JDola-pKCLMshAgdUkzEIx9m7HBewMSeOcPU", "expire_date": "2021-01-27T00:00:27.931Z"}}, {"model": "sessions.session", "pk": "qd7aghwagt6ucr576b7d1emd0614sn0r", "fields": {"session_data": ".eJxVjM0OgjAQhN-lZ0P6Z7t4kxdplt1taCQlkXIyvrtgOOhxvpn5Xirh1qa0rfJMhdVNGXX5ZSPSQ-pR4DwfuEOiZaut-27Oeu3ue5LaCmErSx3O159qwnXaPRrMtcfgnZeQRTgwxOgzW--DsQbAQdQRJIwH6sk6YMoQjB45inXq_QGXQDtz:1krX8l:_9eVVP22VwUvE-KLnMAQ-HyCOIhien6NaZIv9c64nI8", "expire_date": "2021-01-05T02:11:07.969Z"}}, {"model": "sessions.session", "pk": "x1xw1hu853wi6gf99bcbim9ofssssr7n", "fields": {"session_data": ".eJxVjU0OgyAQhe8ya2MAQcFdexEywhBJDTaCSRvj3auNi3b5_r63gcW1jHbNtNjooQcJ1a83oHtQOgOcptOu0bl5TaX-dq4417dDUSrRYYlzul-rP9SIeTw4gUkReDcYQ6JTrdcmKIYDNUYop0lLgz50QSMy0q1sULKgguBeMuS-aU9oppyPG0uvZ1ze0LMKHC4F-g049GLfP9IXR8E:1l1Nq8:a0gSjpRDh7CytMz5Wcr7UojRC5-zb81T9TfWJhhGWLY", "expire_date": "2021-02-01T06:16:36.804Z"}}, {"model": "sessions.session", "pk": "x7cuz2troi1kui82k7zrb1kvsvl1ui7z", "fields": {"session_data": "e30:1kzQYO:WgwRrx0t7CBuOXXTEObvoy7bTMBtd0hlNslppmqxJUM", "expire_date": "2021-01-26T20:46:12.883Z"}}, {"model": "sites.site", "pk": 1, "fields": {"domain": "trainer_nats_steele.com", "name": "Trainer Nats Steele"}}, {"model": "account.emailaddress", "pk": 1, "fields": {"user": 1, "email": "matthew.poyner794@gmail.com", "verified": true, "primary": true}}, {"model": "account.emailaddress", "pk": 2, "fields": {"user": 2, "email": "mpooner@hotmail.co.uk", "verified": true, "primary": true}}, {"model": "account.emailaddress", "pk": 3, "fields": {"user": 4, "email": "matthew.poyner79@gmail.com", "verified": true, "primary": true}}, {"model": "account.emailaddress", "pk": 4, "fields": {"user": 5, "email": "lizpoyner51@outlook.com", "verified": false, "primary": true}}, {"model": "tnsclasses.day", "pk": 1, "fields": {"day": "monday", "friendly_name": "Monday"}}, {"model": "tnsclasses.day", "pk": 2, "fields": {"day": "tuesday", "friendly_name": "Tuesday"}}, {"model": "tnsclasses.day", "pk": 3, "fields": {"day": "wednesday", "friendly_name": "Wednesday"}}, {"model": "tnsclasses.day", "pk": 4, "fields": {"day": "thursday", "friendly_name": "Thursday"}}, {"model": "tnsclasses.day", "pk": 5, "fields": {"day": "friday", "friendly_name": "Friday"}}, {"model": "tnsclasses.day", "pk": 6, "fields": {"day": "saturday", "friendly_name": "Saturday"}}, {"model": "tnsclasses.day", "pk": 7, "fields": {"day": "sunday", "friendly_name": "Sunday"}}, {"model": "tnsclasses.class_type", "pk": 1, "fields": {"class_type": "Group", "friendly_name": null}}, {"model": "tnsclasses.class_type", "pk": 2, "fields": {"class_type": "1-2-1", "friendly_name": null}}, {"model": "tnsclasses.tns_class", "pk": 1, "fields": {"day": 1, "class_type": 1, "class_time": null, "class_name": "CARDIO- STRENGTH- CORE", "class_description": "A Total Body workout using 3 different styles. 4 minutes cardio using Tabata 20/10 followed by strength training and core exercises performed for longer periods to work on form and technique.", "class_more_detail": "The foundation to all exercises. A strong core sets the body up to achieve its best results. All classes have core workouts in them whether used in a circuit or a the end of a workout as a cool down. Pilates and yoga exercises will become familiar and modifications are always given to help build at all levels whether it’s for strengthening a weak lower back to performing the same exercise as a power move.\r\nFor example:\r\nLevel 1: Pelvic Tilts (correctional)\r\nLevel 2: Low Crunches\r\nLevel 3: Crunches with Legs Raised\r\nLevel 4: Sit Ups (weight optional)", "price": "5.00", "image_url": null, "image": "nat_side_arch_edited.jpg"}}, {"model": "tnsclasses.tns_class", "pk": 2, "fields": {"day": 2, "class_type": 1, "class_time": null, "class_name": "CARDIO VS STRENGTH", "class_description": "Strength sets focusing on different muscle groups (Total Body, Upper, Lower & Core) broken up by 2 minutes of Cardio", "class_more_detail": "", "price": "5.00", "image_url": null, "image": "nat_one_dumbell_up_edited_bTvnQjr.jpg"}}, {"model": "tnsclasses.tns_class", "pk": 3, "fields": {"day": 3, "class_type": 1, "class_time": null, "class_name": "BOOTCAMP", "class_description": "Anything goes. Different techniques are used providing variety. Anything might come up whether it’s a 10 minute Circuit or a 4 min Core AMRAP but whatever it is, it will be challenging, fun and sweaty!", "class_more_detail": "", "price": "5.00", "image_url": null, "image": "nat_one_dumbell_up_edited.jpg"}}, {"model": "tnsclasses.tns_class", "pk": 4, "fields": {"day": 4, "class_type": 1, "class_time": null, "class_name": "STRENGTH & STRETCH", "class_description": "Focusing on Strength & Flexibility. This class may be low impact but it will get you sweating and burning calories. Exercises are slowed down, very specific to balance and core work.", "class_more_detail": "", "price": "5.00", "image_url": null, "image": "nat_arm_up_edited.jpg"}}, {"model": "tnsclasses.tns_class", "pk": 5, "fields": {"day": 5, "class_type": 1, "class_time": null, "class_name": "TABATA/HIIT", "class_description": "Fast paced and intense. You won’t know what hit you. The hour will fly by.", "class_more_detail": "", "price": "5.00", "image_url": null, "image": "nat_dumbells_editied.jpg"}}, {"model": "tnsclasses.tns_class", "pk": 6, "fields": {"day": 3, "class_type": 1, "class_time": null, "class_name": "Matt's high impact", "class_description": "this is the class description", "class_more_detail": "Class more detail", "price": "25.00", "image_url": null, "image": "9adbe3fb-cd26-428a-8bad-b053ba8cfafa.jpg"}}, {"model": "tnsclasses.tns_class", "pk": 7, "fields": {"day": 1, "class_type": null, "class_time": "10:50:00", "class_name": "jhghgfd", "class_description": ";kljhgfds", "class_more_detail": "kjhygtfrdes", "price": "50.00", "image_url": null, "image": ""}}, {"model": "tnsclasses.tns_class", "pk": 8, "fields": {"day": 1, "class_type": 1, "class_time": "10:30:00", "class_name": "sadasda", "class_description": "dssd", "class_more_detail": "sadasd", "price": "20.00", "image_url": null, "image": ""}}, {"model": "checkout.order", "pk": 1, "fields": {"order_number": "221CA51B9CA94FC09CBAC334A1F38811", "user_membership": null, "full_name": "Matthew Poyner", "email": "matthew.poyner79@gmail.com", "phone_number": "07920816707", "country": "United Kingdom", "postcode": "m33 5hf", "town_or_city": "Sale", "street_address1": "14 Brayton Avenue", "street_address2": "ewwr", "county": "erre", "date": "2021-01-09T10:36:51.783Z", "order_total": "0.00", "grand_total": "0.00", "original_cart": "", "stripe_pid": ""}}, {"model": "checkout.order", "pk": 2, "fields": {"order_number": "552DC13A888D459B9D4FFB73EF71601D", "user_membership": null, "full_name": "Matthew Poyner", "email": "matthew.poyner79@gmail.com", "phone_number": "07920816707", "country": "United Kingdom", "postcode": "m33 5hf", "town_or_city": "Sale", "street_address1": "14 Brayton Avenue", "street_address2": "ewwr", "county": "erre", "date": "2021-01-09T10:39:05.392Z", "order_total": "0.00", "grand_total": "0.00", "original_cart": "", "stripe_pid": ""}}, {"model": "checkout.order", "pk": 3, "fields": {"order_number": "86899E224E82479BB85A551171842299", "user_membership": null, "full_name": "Matthew Poyner", "email": "matthew.poyner79@gmail.com", "phone_number": "07920816707", "country": "United Kingdom", "postcode": "m33 5hf", "town_or_city": "Sale", "street_address1": "14 Brayton Avenue", "street_address2": "ewwr", "county": "erre", "date": "2021-01-10T05:09:28.360Z", "order_total": "15.00", "grand_total": "15.00", "original_cart": "", "stripe_pid": ""}}, {"model": "checkout.order", "pk": 4, "fields": {"order_number": "953E10C940364487A1E5454BF7BD1E40", "user_membership": null, "full_name": "Matthew Poyner", "email": "matthew.poyner79@gmail.com", "phone_number": "07920816707", "country": "United Kingdom", "postcode": "m33 5hf", "town_or_city": "Sale", "street_address1": "14 Brayton Avenue", "street_address2": "ewwr", "county": "erre", "date": "2021-01-10T05:23:14.006Z", "order_total": "15.00", "grand_total": "15.00", "original_cart": "", "stripe_pid": ""}}, {"model": "checkout.order", "pk": 5, "fields": {"order_number": "43978EF376BC4C4A92D661243ABCA5FC", "user_membership": null, "full_name": "Matthew Poyner", "email": "matthew.poyner79@gmail.com", "phone_number": "07920816707", "country": "United Kingdom", "postcode": "m33 5hf", "town_or_city": "Sale", "street_address1": "14 Brayton Avenue", "street_address2": "ewwr", "county": "erre", "date": "2021-01-10T05:25:20.002Z", "order_total": "5.00", "grand_total": "5.00", "original_cart": "", "stripe_pid": ""}}, {"model": "checkout.order", "pk": 6, "fields": {"order_number": "840576D9D61A472BAE13732E748FAF79", "user_membership": null, "full_name": "Matthew Poyner", "email": "matthew.poyner79@gmail.com", "phone_number": "07920816707", "country": "United Kingdom", "postcode": "m33 5hf", "town_or_city": "Sale", "street_address1": "14 Brayton Avenue", "street_address2": "ewwr", "county": "erre", "date": "2021-01-10T05:31:44.072Z", "order_total": "5.00", "grand_total": "5.00", "original_cart": "", "stripe_pid": ""}}, {"model": "checkout.order", "pk": 7, "fields": {"order_number": "5B1B37734B664A369ED2B5FD476909DD", "user_membership": null, "full_name": "Matthew Poyner", "email": "matthew.poyner79@gmail.com", "phone_number": "07920816707", "country": "United Kingdom", "postcode": "m33 5hf", "town_or_city": "Sale", "street_address1": "14 Brayton Avenue", "street_address2": "ewwr", "county": "erre", "date": "2021-01-10T05:35:28.434Z", "order_total": "5.00", "grand_total": "5.00", "original_cart": "", "stripe_pid": ""}}, {"model": "checkout.order", "pk": 8, "fields": {"order_number": "B4C17317345345B2A95DF524FBDD5C49", "user_membership": null, "full_name": "Matthew Poyner", "email": "matthew.poyner79@gmail.com", "phone_number": "07920816707", "country": "United Kingdom", "postcode": "m33 5hf", "town_or_city": "Sale", "street_address1": "14 Brayton Avenue", "street_address2": "ewwr", "county": "erre", "date": "2021-01-10T05:42:47.330Z", "order_total": "5.00", "grand_total": "5.00", "original_cart": "", "stripe_pid": ""}}, {"model": "checkout.order", "pk": 9, "fields": {"order_number": "3053C17A33994C5F9BA635BB1FA4A0F7", "user_membership": null, "full_name": "Matthew Poyner", "email": "matthew.poyner79@gmail.com", "phone_number": "07920816707", "country": "United Kingdom", "postcode": "m33 5hf", "town_or_city": "Sale", "street_address1": "14 Brayton Avenue", "street_address2": "ewwr", "county": "erre", "date": "2021-01-10T08:51:51.597Z", "order_total": "20.00", "grand_total": "20.00", "original_cart": "", "stripe_pid": ""}}, {"model": "checkout.order", "pk": 10, "fields": {"order_number": "7AB10820E8DE40349DBEA47F6543B0F5", "user_membership": null, "full_name": "Matthew Poyner", "email": "matthew.poyner79@gmail.com", "phone_number": "07920816707", "country": "United Kingdom", "postcode": "m33 5hf", "town_or_city": "Sale", "street_address1": "14 Brayton Avenue", "street_address2": "ewwr", "county": "erre", "date": "2021-01-10T10:01:48.783Z", "order_total": "40.00", "grand_total": "40.00", "original_cart": "", "stripe_pid": ""}}, {"model": "checkout.order", "pk": 11, "fields": {"order_number": "49ADA6BF7F1043DC9F27A21C839226B5", "user_membership": null, "full_name": "Matthew Poyner", "email": "matthew.poyner79@gmail.com", "phone_number": "07920816707", "country": "United Kingdom", "postcode": "m33 5hf", "town_or_city": "Sale", "street_address1": "14 Brayton Avenue", "street_address2": "ewwr", "county": "erre", "date": "2021-01-10T10:18:26.531Z", "order_total": "5.00", "grand_total": "5.00", "original_cart": "", "stripe_pid": ""}}, {"model": "checkout.order", "pk": 12, "fields": {"order_number": "6E0C44AC28574B848988F13ACD3A0E24", "user_membership": null, "full_name": "Matthew Poyner", "email": "matthew.poyner79@gmail.com", "phone_number": "07920816707", "country": "United Kingdom", "postcode": "m33 5hf", "town_or_city": "Sale", "street_address1": "14 Brayton Avenue", "street_address2": "ewwr", "county": "erre", "date": "2021-01-10T10:20:27.617Z", "order_total": "5.00", "grand_total": "5.00", "original_cart": "", "stripe_pid": ""}}, {"model": "checkout.order", "pk": 13, "fields": {"order_number": "C3A94E2E390C42468A1041E8F0314B6B", "user_membership": null, "full_name": "Matthew Poyner", "email": "matthew.poyner79@gmail.com", "phone_number": "07920816707", "country": "United Kingdom", "postcode": "m33 5hf", "town_or_city": "Sale", "street_address1": "14 Brayton Avenue", "street_address2": null, "county": null, "date": "2021-01-10T10:47:15.949Z", "order_total": "5.00", "grand_total": "5.00", "original_cart": "", "stripe_pid": ""}}, {"model": "checkout.order", "pk": 14, "fields": {"order_number": "4CCA60EF03864C2F9FD346432E381278", "user_membership": null, "full_name": "Matthew Poyner", "email": "matthew.poyner79@gmail.com", "phone_number": "07920816707", "country": "United Kingdom", "postcode": "m33 5hf", "town_or_city": "Sale", "street_address1": "14 Brayton Avenue", "street_address2": "ewwr", "county": "erre", "date": "2021-01-10T10:49:39.092Z", "order_total": "5.00", "grand_total": "5.00", "original_cart": "", "stripe_pid": ""}}, {"model": "checkout.order", "pk": 15, "fields": {"order_number": "D0CE1A88F5BD4EB6851253F5A3123592", "user_membership": null, "full_name": "Matthew Poyner", "email": "matthew.poyner79@gmail.com", "phone_number": "07920816707", "country": "United Kingdom", "postcode": "m33 5hf", "town_or_city": "Sale", "street_address1": "14 Brayton Avenue", "street_address2": "ewwr", "county": "erre", "date": "2021-01-10T10:51:02.788Z", "order_total": "5.00", "grand_total": "5.00", "original_cart": "", "stripe_pid": ""}}, {"model": "checkout.order", "pk": 16, "fields": {"order_number": "A0D28D13D4874952B1EB9390B676A451", "user_membership": null, "full_name": "Matthew Poyner", "email": "matthew.poyner79@gmail.com", "phone_number": "07920816707", "country": "United Kingdom", "postcode": "m33 5hf", "town_or_city": "Sale", "street_address1": "14 Brayton Avenue", "street_address2": "ewwr", "county": "erre", "date": "2021-01-10T10:54:27.133Z", "order_total": "5.00", "grand_total": "5.00", "original_cart": "", "stripe_pid": ""}}, {"model": "checkout.order", "pk": 17, "fields": {"order_number": "3C880803C9D544888782E4BBBD5A8C60", "user_membership": null, "full_name": "Matthew Poyner", "email": "matthew.poyner79@gmail.com", "phone_number": "07920816707", "country": "United Kingdom", "postcode": "m33 5hf", "town_or_city": "Sale", "street_address1": "14 Brayton Avenue", "street_address2": null, "county": null, "date": "2021-01-10T22:52:16.544Z", "order_total": "5.00", "grand_total": "5.00", "original_cart": "", "stripe_pid": ""}}, {"model": "checkout.order", "pk": 18, "fields": {"order_number": "4F3357962AE94CFDA4629F87E7D8E906", "user_membership": null, "full_name": "Matthew Poyner", "email": "matthew.poyner79@gmail.com", "phone_number": "07920816707", "country": "United Kingdom", "postcode": "m33 5hf", "town_or_city": "Sale", "street_address1": "14 Brayton Avenue", "street_address2": "ewwr", "county": "erre", "date": "2021-01-10T22:54:41.729Z", "order_total": "15.00", "grand_total": "15.00", "original_cart": "", "stripe_pid": ""}}, {"model": "checkout.order", "pk": 19, "fields": {"order_number": "B1F8DB47BB3C426AAAFB3A28723B0E02", "user_membership": null, "full_name": "Matthew Poyner", "email": "matthew.poyner79@gmail.com", "phone_number": "07920816707", "country": "United Kingdom", "postcode": "m33 5hf", "town_or_city": "Sale", "street_address1": "14 Brayton Avenue", "street_address2": "ewwr", "county": "erre", "date": "2021-01-11T01:02:14.101Z", "order_total": "5.00", "grand_total": "5.00", "original_cart": "", "stripe_pid": ""}}, {"model": "checkout.order", "pk": 20, "fields": {"order_number": "083E3F6761AC43CB8D4FF7C88A2FB6A3", "user_membership": null, "full_name": "Matthew Poyner", "email": "matthew.poyner79@gmail.com", "phone_number": "07920816707", "country": "United Kingdom", "postcode": "m33 5hf", "town_or_city": "Sale", "street_address1": "14 Brayton Avenue", "street_address2": "ewwr", "county": "erre", "date": "2021-01-11T01:03:00.914Z", "order_total": "5.00", "grand_total": "5.00", "original_cart": "", "stripe_pid": ""}}, {"model": "checkout.order", "pk": 21, "fields": {"order_number": "DF5058501D2A46029CE2ECC3CDAF120A", "user_membership": null, "full_name": "m", "email": "matthew.poyner@gmail.com", "phone_number": "07920816707", "country": "GB", "postcode": "12345", "town_or_city": "Sale", "street_address1": "14 Brayton Avenue", "street_address2": "rtyrty", "county": "ryrty", "date": "2021-01-11T01:33:51.678Z", "order_total": "5.00", "grand_total": "5.00", "original_cart": "", "stripe_pid": ""}}, {"model": "checkout.order", "pk": 22, "fields": {"order_number": "22566475978E469EB434859E50245A8B", "user_membership": null, "full_name": "Matt Poyner", "email": "matthew.poyner79@gmail.com", "phone_number": "02102349326", "country": "NZ", "postcode": "7010", "town_or_city": "nelson", "street_address1": "5 toi", "street_address2": null, "county": "nelson", "date": "2021-01-11T06:12:06.409Z", "order_total": "10.00", "grand_total": "10.00", "original_cart": "", "stripe_pid": ""}}, {"model": "checkout.order", "pk": 23, "fields": {"order_number": "6DA70806E6A045EDA37A413864562941", "user_membership": null, "full_name": "Matthew Poyner", "email": "matthew.poyner79@gmail.com", "phone_number": "07920816707", "country": "GB", "postcode": "m33 5hf", "town_or_city": "Sale", "street_address1": "14 Brayton Avenue", "street_address2": "ewwr", "county": "erre", "date": "2021-01-12T00:51:19.830Z", "order_total": "5.00", "grand_total": "5.00", "original_cart": "", "stripe_pid": ""}}, {"model": "checkout.order", "pk": 24, "fields": {"order_number": "29711F4A6F4D46EA913C61C483E2BC39", "user_membership": null, "full_name": "Matthew Poyner", "email": "matthew.poyner79@gmail.com", "phone_number": "+642102349326", "country": "NZ", "postcode": "7010", "town_or_city": "Nelson", "street_address1": "5/73 Toi Toi Street", "street_address2": "Toi Toi", "county": "erre", "date": "2021-01-14T00:48:47.544Z", "order_total": "5.00", "grand_total": "5.00", "original_cart": "", "stripe_pid": ""}}, {"model": "checkout.order", "pk": 25, "fields": {"order_number": "5F9186E63C394242BDCAF6B0895C688D", "user_membership": null, "full_name": "Matthew Poyner", "email": "matthew.poyner79@gmail.com", "phone_number": "07920816707", "country": "GB", "postcode": "m33 5hf", "town_or_city": "Sale", "street_address1": "14 Brayton Avenue", "street_address2": "ewwr", "county": "erre", "date": "2021-01-15T03:08:06.853Z", "order_total": "5.00", "grand_total": "5.00", "original_cart": "", "stripe_pid": ""}}, {"model": "checkout.order", "pk": 26, "fields": {"order_number": "B20463360D674F2CB2C2B5BC89AA9F34", "user_membership": null, "full_name": "Matthew", "email": "lizpoyner51@outlook.com", "phone_number": "07920816707", "country": "GB", "postcode": "m33 4RD", "town_or_city": "Sale", "street_address1": "22 Fownhope Avwnue", "street_address2": null, "county": "—", "date": "2021-01-15T08:55:10.321Z", "order_total": "5.00", "grand_total": "5.00", "original_cart": "", "stripe_pid": ""}}, {"model": "checkout.order", "pk": 27, "fields": {"order_number": "FC58D2008F2F4D599FA8E6CB436F25A0", "user_membership": 2, "full_name": "Matthew Poyner", "email": "matthew.poyner79@gmail.com", "phone_number": "07920816707", "country": "GB", "postcode": "m33 5hf", "town_or_city": "Sale", "street_address1": "14 Brayton Avenue", "street_address2": "ewwr", "county": "erre", "date": "2021-01-15T11:10:45.196Z", "order_total": "5.00", "grand_total": "5.00", "original_cart": "", "stripe_pid": ""}}, {"model": "checkout.order", "pk": 28, "fields": {"order_number": "05F8C19511564DA7945AC86234E5F9F7", "user_membership": 2, "full_name": "Matthew Poyner", "email": "matthew.poyner79@gmail.com", "phone_number": "07920816707", "country": "GB", "postcode": "m33 5hf", "town_or_city": "Sale", "street_address1": "14 Brayton Avenue", "street_address2": "ewwr", "county": "erre", "date": "2021-01-15T21:48:02.840Z", "order_total": "25.00", "grand_total": "25.00", "original_cart": "", "stripe_pid": ""}}, {"model": "checkout.order", "pk": 29, "fields": {"order_number": "F5E6E9CF70FD414FB9722373B103436B", "user_membership": 2, "full_name": "Matthew Poyner", "email": "matthew.poyner79@gmail.com", "phone_number": "+642102349326", "country": "NZ", "postcode": "7010", "town_or_city": "Nelson", "street_address1": "5/73 Toi Toi Street", "street_address2": "Toi Toi", "county": "erre", "date": "2021-01-15T23:00:23.121Z", "order_total": "5.00", "grand_total": "5.00", "original_cart": "", "stripe_pid": ""}}, {"model": "checkout.orderlineitem", "pk": 1, "fields": {"order": 1, "product": 1, "quantity": 6, "lineitem_total": "30.00"}}, {"model": "checkout.orderlineitem", "pk": 2, "fields": {"order": 1, "product": 2, "quantity": 2, "lineitem_total": "10.00"}}, {"model": "checkout.orderlineitem", "pk": 3, "fields": {"order": 1, "product": 3, "quantity": 1, "lineitem_total": "5.00"}}, {"model": "checkout.orderlineitem", "pk": 4, "fields": {"order": 1, "product": 4, "quantity": 1, "lineitem_total": "5.00"}}, {"model": "checkout.orderlineitem", "pk": 5, "fields": {"order": 1, "product": 5, "quantity": 1, "lineitem_total": "5.00"}}, {"model": "checkout.orderlineitem", "pk": 6, "fields": {"order": 2, "product": 1, "quantity": 6, "lineitem_total": "30.00"}}, {"model": "checkout.orderlineitem", "pk": 7, "fields": {"order": 2, "product": 2, "quantity": 2, "lineitem_total": "10.00"}}, {"model": "checkout.orderlineitem", "pk": 8, "fields": {"order": 2, "product": 3, "quantity": 1, "lineitem_total": "5.00"}}, {"model": "checkout.orderlineitem", "pk": 9, "fields": {"order": 2, "product": 4, "quantity": 1, "lineitem_total": "5.00"}}, {"model": "checkout.orderlineitem", "pk": 10, "fields": {"order": 2, "product": 5, "quantity": 1, "lineitem_total": "5.00"}}, {"model": "checkout.orderlineitem", "pk": 11, "fields": {"order": 3, "product": 1, "quantity": 2, "lineitem_total": "10.00"}}, {"model": "checkout.orderlineitem", "pk": 12, "fields": {"order": 3, "product": 3, "quantity": 1, "lineitem_total": "5.00"}}, {"model": "checkout.orderlineitem", "pk": 13, "fields": {"order": 4, "product": 1, "quantity": 2, "lineitem_total": "10.00"}}, {"model": "checkout.orderlineitem", "pk": 14, "fields": {"order": 4, "product": 3, "quantity": 1, "lineitem_total": "5.00"}}, {"model": "checkout.orderlineitem", "pk": 15, "fields": {"order": 5, "product": 1, "quantity": 1, "lineitem_total": "5.00"}}, {"model": "checkout.orderlineitem", "pk": 16, "fields": {"order": 6, "product": 1, "quantity": 1, "lineitem_total": "5.00"}}, {"model": "checkout.orderlineitem", "pk": 17, "fields": {"order": 7, "product": 1, "quantity": 1, "lineitem_total": "5.00"}}, {"model": "checkout.orderlineitem", "pk": 18, "fields": {"order": 8, "product": 1, "quantity": 1, "lineitem_total": "5.00"}}, {"model": "checkout.orderlineitem", "pk": 19, "fields": {"order": 9, "product": 1, "quantity": 2, "lineitem_total": "10.00"}}, {"model": "checkout.orderlineitem", "pk": 20, "fields": {"order": 9, "product": 4, "quantity": 1, "lineitem_total": "5.00"}}, {"model": "checkout.orderlineitem", "pk": 21, "fields": {"order": 9, "product": 3, "quantity": 1, "lineitem_total": "5.00"}}, {"model": "checkout.orderlineitem", "pk": 22, "fields": {"order": 10, "product": 3, "quantity": 5, "lineitem_total": "25.00"}}, {"model": "checkout.orderlineitem", "pk": 23, "fields": {"order": 10, "product": 2, "quantity": 2, "lineitem_total": "10.00"}}, {"model": "checkout.orderlineitem", "pk": 24, "fields": {"order": 10, "product": 1, "quantity": 1, "lineitem_total": "5.00"}}, {"model": "checkout.orderlineitem", "pk": 25, "fields": {"order": 11, "product": 1, "quantity": 1, "lineitem_total": "5.00"}}, {"model": "checkout.orderlineitem", "pk": 26, "fields": {"order": 12, "product": 1, "quantity": 1, "lineitem_total": "5.00"}}, {"model": "checkout.orderlineitem", "pk": 27, "fields": {"order": 13, "product": 1, "quantity": 1, "lineitem_total": "5.00"}}, {"model": "checkout.orderlineitem", "pk": 28, "fields": {"order": 14, "product": 2, "quantity": 1, "lineitem_total": "5.00"}}, {"model": "checkout.orderlineitem", "pk": 29, "fields": {"order": 15, "product": 2, "quantity": 1, "lineitem_total": "5.00"}}, {"model": "checkout.orderlineitem", "pk": 30, "fields": {"order": 16, "product": 4, "quantity": 1, "lineitem_total": "5.00"}}, {"model": "checkout.orderlineitem", "pk": 31, "fields": {"order": 17, "product": 1, "quantity": 1, "lineitem_total": "5.00"}}, {"model": "checkout.orderlineitem", "pk": 32, "fields": {"order": 18, "product": 2, "quantity": 1, "lineitem_total": "5.00"}}, {"model": "checkout.orderlineitem", "pk": 33, "fields": {"order": 18, "product": 3, "quantity": 1, "lineitem_total": "5.00"}}, {"model": "checkout.orderlineitem", "pk": 34, "fields": {"order": 18, "product": 5, "quantity": 1, "lineitem_total": "5.00"}}, {"model": "checkout.orderlineitem", "pk": 35, "fields": {"order": 19, "product": 3, "quantity": 1, "lineitem_total": "5.00"}}, {"model": "checkout.orderlineitem", "pk": 36, "fields": {"order": 20, "product": 2, "quantity": 1, "lineitem_total": "5.00"}}, {"model": "checkout.orderlineitem", "pk": 37, "fields": {"order": 21, "product": 2, "quantity": 1, "lineitem_total": "5.00"}}, {"model": "checkout.orderlineitem", "pk": 38, "fields": {"order": 22, "product": 1, "quantity": 2, "lineitem_total": "10.00"}}, {"model": "checkout.orderlineitem", "pk": 39, "fields": {"order": 23, "product": 1, "quantity": 1, "lineitem_total": "5.00"}}, {"model": "checkout.orderlineitem", "pk": 40, "fields": {"order": 24, "product": 1, "quantity": 1, "lineitem_total": "5.00"}}, {"model": "checkout.orderlineitem", "pk": 41, "fields": {"order": 25, "product": 1, "quantity": 1, "lineitem_total": "5.00"}}, {"model": "checkout.orderlineitem", "pk": 42, "fields": {"order": 26, "product": 1, "quantity": 1, "lineitem_total": "5.00"}}, {"model": "checkout.orderlineitem", "pk": 43, "fields": {"order": 27, "product": 1, "quantity": 1, "lineitem_total": "5.00"}}, {"model": "checkout.orderlineitem", "pk": 44, "fields": {"order": 28, "product": 1, "quantity": 5, "lineitem_total": "25.00"}}, {"model": "checkout.orderlineitem", "pk": 45, "fields": {"order": 29, "product": 1, "quantity": 1, "lineitem_total": "5.00"}}, {"model": "memberships.usermembership", "pk": 1, "fields": {"user": 3, "default_phone_number": null, "default_street_address1": null, "default_street_address2": null, "default_town_or_city": null, "default_county": null, "default_postcode": null, "default_country": null}}, {"model": "memberships.usermembership", "pk": 2, "fields": {"user": 4, "default_phone_number": "+642102349326", "default_street_address1": "5/73 Toi Toi Street", "default_street_address2": "Toi Toi", "default_town_or_city": "Nelson", "default_county": "erre", "default_postcode": "7010", "default_country": "NZ"}}, {"model": "memberships.usermembership", "pk": 3, "fields": {"user": 5, "default_phone_number": null, "default_street_address1": null, "default_street_address2": null, "default_town_or_city": null, "default_county": null, "default_postcode": null, "default_country": null}}]